ACTIVOTEC,ESTANTE,CATEGORIA,DESCRIPCION,MARCA,MODELO,SERIE,CANTIDAD,CONDICION,ESTADO,OBSERVACIONES
3629,E,televisor/monitor,Coby LCD con adaptador de 12V,Coby,,,1,BUENO,DISPONIBLE,"Pantalla con control remoto, cable de alimentacion, cable VGA,  Cable A/V"
3693,E,televisor/monitor,Coby LCD con adaptador de 12V,Coby,,,1,BUENO,DISPONIBLE,"Pantalla con control remoto, cable de alimentacion, cable VGA,  Cable A/V"
4615,E,televisor/monitor,Coby LCD con adaptador de 12V,Coby,,,1,BUENO,DISPONIBLE,"Pantalla con control remoto, cable de alimentacion, cable VGA,  Cable A/V"
4620,E,televisor/monitor,Coby LCD con adaptador de 12V,Coby,,,1,BUENO,DISPONIBLE,"Pantalla con control remoto, cable de alimentacion, cable VGA,  Cable A/V"
6008,E,otros,Caja National Instruments,"National 
Instruments",,,1,BUENO,DISPONIBLE,
7999,A5,otros,Estacion de soldadura ERSA T-25,ERSA,T-25,,1,BUENO,DISPONIBLE,
9109,E,otros,hps Wechselstrommotor,hps,,,2,BUENO,DISPONIBLE,
10859,E,otros,Banco Capacitivo System Technik,System Technik,,,1,BUENO,DISPONIBLE,
24138,F,osciloscopio,Osciloscopio Tektronics 2205,Tektronics,2205,,1,BUENO,DISPONIBLE,
24139,F,osciloscopio,Osciloscopio Tektronics 2205,Tektronics,2205,,1,BUENO,DISPONIBLE,
24140,F,osciloscopio,Osciloscopio Tektronics 2205,Tektronics,2205,,1,BUENO,DISPONIBLE,
24142,F,osciloscopio,Osciloscopio Tektronics 2205,Tektronics,2205,,1,BUENO,DISPONIBLE,
24143,F,osciloscopio,Osciloscopio Tektronics 2205,Tektronics,2205,,1,BUENO,DISPONIBLE,
24144,F,osciloscopio,Osciloscopio Tektronics 2205,Tektronics,2205,,1,BUENO,DISPONIBLE,
24146,F,osciloscopio,Osciloscopio Tektronics 2205,Tektronics,2205,,1,BUENO,DISPONIBLE,
24149,F,osciloscopio,Osciloscopio Tektronics 2205,Tektronics,2205,,1,BUENO,DISPONIBLE,
24150,F,osciloscopio,Osciloscopio Tektronics 2205,Tektronics,2205,,1,BUENO,DISPONIBLE,
24151,F,osciloscopio,Osciloscopio Tektronics 2205,Tektronics,2205,,1,BUENO,DISPONIBLE,
24152,F,osciloscopio,Osciloscopio Tektronics 2205,Tektronics,2205,,1,BUENO,DISPONIBLE,
26678,F,osciloscopio,Osciloscopio Goldstar OS-9040D,Goldstar,OS-9040D,,1,BUENO,DISPONIBLE,
26680,F,osciloscopio,Osciloscopio Goldstar OS-9040D,Goldstar,OS-9040D,,1,BUENO,DISPONIBLE,
26688,F,osciloscopio,Osciloscopio Goldstar OS-9040D,Goldstar,OS-9040D,,1,BUENO,DISPONIBLE,
28032,F,otros,Allen Bradley 1305 Adjustable Frequency AC Drive (Series C),Allen Bradley,1305,,1,BUENO,DISPONIBLE,
29289,F,osciloscopio,Osciloscopio Goldstar OS-5020P,Goldstar,OS-5020P,,1,BUENO,DISPONIBLE,
29292,F,osciloscopio,Osciloscopio Goldstar OS-5020P,Goldstar,OS-5020P,,1,BUENO,DISPONIBLE,
29293,F,osciloscopio,Osciloscopio Goldstar OS-5020P,Goldstar,OS-5020P,,1,BUENO,DISPONIBLE,
32752,E,otros,LN starter starter SO3212-6B,Lucas-Nülle,SO3212-6B,,1,BUENO,DISPONIBLE,
32755,E,otros,Load resistor Belastungwiderstand S03212-6M,,S03212-6M,,1,BUENO,DISPONIBLE,
35525,F,otros,iET Decade resistance substituter,iET Labs Inc,,,1,BUENO,DISPONIBLE,
37990,E,televisor/monitor,Dell,Dell,,,1,BUENO,DISPONIBLE,
37992,E,televisor/monitor,Dell,Dell,,,1,BUENO,DISPONIBLE,
40199,E,televisor/monitor,Dell,Dell,,,1,BUENO,DISPONIBLE,
60017,A5,kit de desarrollo,FPGA Board,National Instruments,,,1,BUENO,DISPONIBLE,"Viene con cable fuente, cable usb y disco."
60018,A5,kit de desarrollo,FPGA Board,National Instruments,,,1,BUENO,DISPONIBLE,"Viene con cable fuente, cable usb y disco."
60019,A5,kit de desarrollo,FPGA Board,National Instruments,,,1,BUENO,DISPONIBLE,Viene con cable fuente y cable usb.
60020,A5,kit de desarrollo,FPGA Board,National Instruments,,,1,BUENO,DISPONIBLE,"Viene con cable fuente, cable usb y disco."
76445,A3,otros,Dinamómetro,,,,1,BUENO,DISPONIBLE,
76446,A3,otros,Báscula,,,,1,BUENO,DISPONIBLE,
78249,A5,multimetro,"Multimetro 
Analogico (VOM) Simpson 270 Series 5",Simpson,270-5,,1,BUENO,DISPONIBLE,"Viene con las puntas, una pila redonda de 1.5 V y una pila cuadrada de 9V (sin manual)"
78252,A5,multimetro,"Multimetro 
Analogico (VOM) Simpson 270 Series 5",Simpson,270-5,,1,BUENO,DISPONIBLE,"Viene con las puntas, una pila redonda de 1.5 V y una pila cuadrada de 9V (con manual)"
78252,A5,multimetro,"Multimetro 
Analogico (VOM) Simpson 270 Series 5",Simpson,270-5,,1,BUENO,DISPONIBLE,"Viene con las puntas, una pila redonda de 1.5 V y una pila cuadrada de 9V"
78256,A5,multimetro,"Multimetro 
Analogico (VOM) Simpson 270 Series 5",Simpson,270-5,,1,BUENO,DISPONIBLE,"Viene con las puntas, una pila redonda de 1.5 V y una pila cuadrada de 9V (con manual)"
78256,A5,multimetro,"Multimetro 
Analogico (VOM) Simpson 270 Series 5",Simpson,270-5,,1,BUENO,DISPONIBLE,"Viene con las puntas, una pila redonda de 1.5 V y una pila cuadrada de 9V"
86,E,televisor/monitor,Coby LCD con adaptador de 12V,Coby,,,1,BUENO,DISPONIBLE,"Pantalla con control remoto, cable de alimentacion, cable VGA,  Cable A/V"
78252,A5,multimetro,"Multimetro 
Analogico (VOM) Simpson 270 Series 5",Simpson,270-5,,1,BUENO,DISPONIBLE,Viene con las puntas de multímetro pero sin pilas. El activo 78255 viene tachado y se señala como correcto el 78252 (hay dos con el mismo activo).
78252,A5,multimetro,"Multimetro 
Analogico (VOM) Simpson 270 Series 5",Simpson,270-5,,1,BUENO,DISPONIBLE,Viene con las puntas de multímetro pero sin pilas. El activo 78255 viene tachado y se señala como correcto el 78252 (hay dos con el mismo activo).
AD590,E,otros,Heat-Current Sensor,,,,15,BUENO,DISPONIBLE,
AI-1075,F,osciloscopio,Osciloscopio Tektronics TDS 340A,Tektronics,TDS 340A,,1,BUENO,DISPONIBLE,
AI-1096,F,osciloscopio,Osciloscopio Tektronics TDS 340A,Tektronics,TDS 340A,,1,BUENO,DISPONIBLE,
AI-1170,F,osciloscopio,Osciloscopio Tektronics TDS 340A,Tektronics,TDS 340A,,1,BUENO,DISPONIBLE,
AI-1174,F,osciloscopio,Osciloscopio Tektronics TDS 340A,Tektronics,TDS 340A,,1,BUENO,DISPONIBLE,
AI-1188,F,osciloscopio,Osciloscopio Tektronics TDS 340A,Tektronics,TDS 340A,,1,BUENO,DISPONIBLE,
AI-1305,F,osciloscopio,Osciloscopio Tektronics TDS 340A,Tektronics,TDS 340A,,1,BUENO,DISPONIBLE,
AI-1311,F,osciloscopio,Osciloscopio Tektronics TDS 340A,Tektronics,TDS 340A,,1,BUENO,DISPONIBLE,
AI-1312,F,osciloscopio,Osciloscopio Tektronics TDS 340A,Tektronics,TDS 340A,,1,BUENO,DISPONIBLE,
AI-1381,A5,otros,Lutron DI-6200 Insulation Tester,Lutron,DI-6200,,1,BUENO,DISPONIBLE,Está marcado con diferentes activos
AI-1383,A5,otros,Lutron DI-6200 Insulation Tester,Lutron,DI-6200,,1,BUENO,DISPONIBLE,Está marcado con diferentes activos
AI-1404,F,osciloscopio,Osciloscopio Tektronics TDS 340A,Tektronics,TDS 340A,,1,BUENO,DISPONIBLE,
SP-002421,A5,wattimetro,Wattimetro Analogico SEW,SEW-EURODRIVE,2030-12,,1,BUENO,DISPONIBLE,120 V y 5 A (Relación: 5.25)
SP-002422,A5,wattimetro,Wattimetro Analogico SEW,SEW-EURODRIVE,2030-12,,1,BUENO,DISPONIBLE,
SP-002423,A5,wattimetro,Wattimetro Analogico SEW,SEW-EURODRIVE,2030-12,,1,BUENO,DISPONIBLE,
SP-002469,F,analizador,HP 1664A Logic Analyzer,HP,1664A,,1,BUENO,DISPONIBLE,
SP-002470,F,analizador,HP 1664A Logic Analyzer,HP,1664A,,1,BUENO,DISPONIBLE,
SP-002471,F,analizador,HP 1664A Logic Analyzer,HP,1664A,,1,BUENO,DISPONIBLE,
SP-003242,A5,wattimetro,Wattimetro Analogico SEW,SEW-EURODRIVE,2030-12,,1,BUENO,DISPONIBLE,
SP-003546,A5,wattimetro,Wattimetro Analogico SEW,SEW-EURODRIVE,2030-12,,1,BUENO,DISPONIBLE,
6969,B,otros,Set de llaves corofijas Homak NA,Homak,NA,,1,BUENO,DISPONIBLE,"10 llaves de 
diferente tamaño"
24247,D,multimetro,Multimetro Digital GW Instek GDM-8045G,GW Instek,GDM-8045G,,1,BUENO,DISPONIBLE,
24249,D,multimetro,Multimetro Digital GW Instek GDM-8045G,GW Instek,GDM-8045G,,1,BUENO,DISPONIBLE,
24250,D,multimetro,Multimetro Digital GW Instek GDM-8045G,GW Instek,GDM-8045G,,1,BUENO,DISPONIBLE,
24251,D,multimetro,Multimetro Digital GW Instek GDM-8045G,GW Instek,GDM-8045G,,1,BUENO,DISPONIBLE,
24254,D,multimetro,Multimetro Digital GW Instek GDM-8045G,GW Instek,GDM-8045G,,1,BUENO,DISPONIBLE,
24255,D,multimetro,Multimetro Digital GW Instek GDM-8045G,GW Instek,GDM-8045G,,1,BUENO,DISPONIBLE,
24256,D,multimetro,Multimetro Digital GW Instek GDM-8045G,GW Instek,GDM-8045G,,1,BUENO,DISPONIBLE,
24258,D,multimetro,Multimetro Digital GW Instek GDM-8045G,GW Instek,GDM-8045G,,1,BUENO,DISPONIBLE,
24260,D,multimetro,Multimetro Digital GW Instek GDM-8045G,GW Instek,GDM-8045G,,1,BUENO,DISPONIBLE,
24261,D,multimetro,Multimetro Digital GW Instek GDM-8045G,GW Instek,GDM-8045G,,1,BUENO,DISPONIBLE,
26649,D,generador de funciones,Generador de Funciones Escort EGC-3235,Escort,EGC-3235,,1,BUENO,DISPONIBLE,
26650,D,generador de funciones,Generador de Funciones Escort EGC-3232,Escort,EGC-3232,,1,BUENO,DISPONIBLE,
26652,D,generador de funciones,Generador de Funciones Escort EGC-3234,Escort,EGC-3234,,1,BUENO,DISPONIBLE,
26653,D,generador de funciones,Generador de Funciones Escort EGC-3240,Escort,EGC-3240,,1,BUENO,DISPONIBLE,
26654,D,generador de funciones,Generador de Funciones Escort EGC-3239,Escort,EGC-3239,,1,BUENO,DISPONIBLE,
26655,D,generador de funciones,Generador de Funciones Escort EGC-3238,Escort,EGC-3238,,1,BUENO,DISPONIBLE,
26656,D,generador de funciones,Generador de Funciones Escort EGC-3236,Escort,EGC-3236,,1,BUENO,DISPONIBLE,
26657,D,generador de funciones,Generador de Funciones Escort EGC-3237,Escort,EGC-3237,,1,BUENO,DISPONIBLE,
26658,D,generador de funciones,Generador de Funciones Escort EGC-3233,Escort,EGC-3233,,1,BUENO,DISPONIBLE,
26659,D,generador de funciones,Generador de Funciones Escort EGC-3231,Escort,EGC-3231,,1,BUENO,DISPONIBLE,
26660,D,generador de funciones,Generador de Funciones Escort EGC-3230,Escort,EGC-3230,,1,BUENO,DISPONIBLE,
29294,D,fuente dc,Fuente DC Goldstar GP-306,Goldstar,GP-306,,1,BUENO,DISPONIBLE,
29295,D,fuente dc,Fuente DC Goldstar GP-311,Goldstar,GP-311,,1,BUENO,DISPONIBLE,
29297,D,fuente dc,Fuente DC Goldstar GP-309,Goldstar,GP-309,,1,BUENO,DISPONIBLE,
29299,D,fuente dc,Fuente DC Goldstar GP-308,Goldstar,GP-308,,1,BUENO,DISPONIBLE,
29651,D,fuente dc,Fuente DC Goldstar GP-305,Goldstar,GP-305,,1,BUENO,DISPONIBLE,
29652,D,fuente dc,Fuente DC Goldstar GP-307,Goldstar,GP-307,,1,BUENO,DISPONIBLE,
29655,D,fuente dc,Fuente DC Goldstar GP-310,Goldstar,GP-310,,1,BUENO,DISPONIBLE,
29657,D,generador de funciones,Generador de Funciones Goldstar FG-20025,Goldstar,FG-20025,,1,BUENO,DISPONIBLE,
29658,D,generador de funciones,Generador de Funciones Goldstar FG-20021,Goldstar,FG-20021,,1,BUENO,DISPONIBLE,
29659,D,generador de funciones,Generador de Funciones Goldstar FG-20023,Goldstar,FG-20023,,1,BUENO,DISPONIBLE,
29662,D,generador de funciones,Generador de Funciones Goldstar FG-20022,Goldstar,FG-20022,,1,BUENO,DISPONIBLE,
29663,D,generador de funciones,Generador de Funciones Goldstar FG-20026,Goldstar,FG-20026,,1,BUENO,DISPONIBLE,
29664,D,generador de funciones,Generador de Funciones Goldstar FG-20027,Goldstar,FG-20027,,1,BUENO,DISPONIBLE,
29665,D,generador de funciones,Generador de Funciones Goldstar FG-20020,Goldstar,FG-20020,,1,BUENO,DISPONIBLE,
29666,D,generador de funciones,Generador de Funciones Goldstar FG-20024,Goldstar,FG-20024,,1,BUENO,DISPONIBLE,
35498,D,osciloscopio,Osciloscopio Multimetro Digital Tektronik TDS 3012,Tektronik,TDS 3012,,1,BUENO,DISPONIBLE,Trae tapa
35501,C,otros,Fuente de carga activa FAGTO FA-2300,FAGTO,FA-2300,,1,BUENO,DISPONIBLE,
35504,C,multimetro,Multimetro Digital Agilent 34401A,Agilent,34401A,,1,BUENO,DISPONIBLE,
35507,B,lcr,LCR Zentech 100,Zentech,100,,1,BUENO,DISPONIBLE,
35509,E,otros,Universal Counter Agilent 53131A,Agilent,53131A,,1,BUENO,DISPONIBLE,
39264,D,osciloscopio,Osciloscopio Agilent DSO3062A,Agilent,DSO3062A,,1,BUENO,DISPONIBLE,
39266,D,osciloscopio,Osciloscopio Agilent DSO3062A,Agilent,DSO3062A,,1,BUENO,DISPONIBLE,
39267,D,osciloscopio,Osciloscopio Agilent DSO3062A,Agilent,DSO3062A,,1,BUENO,DISPONIBLE,
39268,D,osciloscopio,Osciloscopio Agilent DSO3062A,Agilent,DSO3062A,,1,BUENO,DISPONIBLE,
39269,D,osciloscopio,Osciloscopio Agilent DSO3062A,Agilent,DSO3062A,,1,BUENO,DISPONIBLE,
39270,D,osciloscopio,Osciloscopio Agilent DSO3062A,Agilent,DSO3062A,,1,BUENO,DISPONIBLE,
39273,D,osciloscopio,Osciloscopio Agilent DSO3062A,Agilent,DSO3062A,,1,BUENO,DISPONIBLE,
39274,D,osciloscopio,Osciloscopio Agilent DSO3062A,Agilent ,DSO3062A,,1,BUENO,DISPONIBLE,
39275,D,osciloscopio,Agilent DSO3062A,Agilent ,DSO3062A,,1,BUENO,DISPONIBLE,
39276,D,osciloscopio,Agilent DSO3062A,Agilent ,DSO3062A,,1,BUENO,DISPONIBLE,
48401,D,osciloscopio,Osciloscopio EZ DS-1084,EZ Digital,DS-1084,,1,BUENO,DISPONIBLE,
48402,D,osciloscopio,Osciloscopio EZ DS-1087,EZ Digital,DS-1087,,1,BUENO,DISPONIBLE,
48403,D,osciloscopio,Osciloscopio EZ DS-1082,EZ Digital,DS-1082,,1,BUENO,DISPONIBLE,
48404,D,osciloscopio,Osciloscopio EZ DS-1086,EZ Digital,DS-1086,,1,BUENO,DISPONIBLE,
48405,D,osciloscopio,Osciloscopio EZ DS-1083,EZ Digital,DS-1083,,1,BUENO,DISPONIBLE,
48406,D,osciloscopio,Osciloscopio EZ DS-1088,EZ Digital,DS-1088,,1,BUENO,DISPONIBLE,
48407,D,osciloscopio,Osciloscopio EZ DS-1085,EZ Digital,DS-1085,,1,BUENO,DISPONIBLE,
48408,D,osciloscopio,Osciloscopio EZ DS-1090,EZ Digital,DS-1090,,1,BUENO,DISPONIBLE,
48409,D,osciloscopio,Osciloscopio EZ DS-1080,EZ Digital,DS-1080,,1,BUENO,DISPONIBLE,
48410,D,osciloscopio,Osciloscopio EZ DS-1089,EZ Digital,DS-1089,,1,BUENO,DISPONIBLE,
48416,D,osciloscopio,Osciloscopio EZ DS-1081,EZ Digital,DS-1081,,1,BUENO,DISPONIBLE,
48417,C,generador de funciones,Generador de Funciones EZ DM-441B,EZ Digital,DM-441B,,1,BUENO,DISPONIBLE,
48418,C,generador de funciones,Generador de Funciones EZ DM-441B,EZ Digital,DM-441B,,1,BUENO,DISPONIBLE,
48420,C,generador de funciones,Generador de Funciones EZ DM-441B,EZ Digital,DM-441B,,1,BUENO,DISPONIBLE,
48421,C,generador de funciones,Generador de Funciones EZ DM-441B,EZ Digital,DM-441B,,1,BUENO,DISPONIBLE,
48422,C,generador de funciones,Generador de Funciones EZ DM-441B,EZ Digital,DM-441B,,1,BUENO,DISPONIBLE,
48423,C,generador de funciones,Generador de Funciones EZ DM-441B,EZ Digital,DM-441B,,1,BUENO,DISPONIBLE,
48424,C,generador de funciones,Generador de Funciones EZ DM-441B,EZ Digital,DM-441B,,1,BUENO,DISPONIBLE,
48426,C,generador de funciones,Generador de Funciones EZ DM-441B,EZ Digital,DM-441B,,1,BUENO,DISPONIBLE,
48428,C,generador de funciones,Generador de Funciones EZ FG-7005C,EZ Digital,FG-7005C,,1,BUENO,DISPONIBLE,
48429,C,generador de funciones,Generador de Funciones EZ FG-7005C,EZ Digital,FG-7005C,,1,BUENO,DISPONIBLE,
48430,C,generador de funciones,Generador de Funciones EZ FG-7005C,EZ Digital,FG-7005C,,1,BUENO,DISPONIBLE,
48431,C,generador de funciones,Generador de Funciones EZ FG-7005C,EZ Digital,FG-7005C,,1,BUENO,DISPONIBLE,
48432,C,generador de funciones,Generador de Funciones EZ FG-7005C,EZ Digital,FG-7005C,,1,BUENO,DISPONIBLE,
48433,C,generador de funciones,Generador de Funciones EZ FG-7005C,EZ Digital,FG-7005C,,1,BUENO,DISPONIBLE,
48434,C,generador de funciones,Generador de Funciones EZ FG-7005C,EZ Digital,FG-7005C,,1,BUENO,DISPONIBLE,
48435,C,generador de funciones,Generador de Funciones EZ FG-7005C,EZ Digital,FG-7005C,,1,BUENO,DISPONIBLE,
48436,C,generador de funciones,Generador de Funciones EZ FG-7005C,EZ Digital,FG-7005C,,1,BUENO,DISPONIBLE,
48437,C,generador de funciones,Generador de Funciones EZ FG-7005C,EZ Digital,FG-7005C,,1,BUENO,DISPONIBLE,
48438,C,generador de funciones,Generador de Funciones EZ FG-7005C,EZ Digital,FG-7005C,,1,BUENO,DISPONIBLE,
48727,C,generador de funciones,Generador de Funciones EZ DM-441B,EZ Digital,DM-441B,,1,BUENO,DISPONIBLE,
49576,B,elvis,NI Elvis II 1/14,"National 
Instruments",NI Elvis II,,1,BUENO,DISPONIBLE,
52463,B,elvis,NI Elvis II 3/14,"National 
Instruments",NI Elvis II,,1,BUENO,DISPONIBLE,
52471,B,elvis,NI Elvis II 2/14,"National 
Instruments",NI Elvis II,,1,BUENO,DISPONIBLE,
54893,B,elvis,NI Elvis II 5/14,"National 
Instruments",NI Elvis II,,1,BUENO,DISPONIBLE,
54894,B,elvis,NI Elvis II 6/14,"National 
Instruments",NI Elvis II,,1,BUENO,DISPONIBLE,
54895,B,elvis,NI Elvis II 7/14,"National 
Instruments",NI Elvis II,,1,BUENO,DISPONIBLE,
54896,B,elvis,NI Elvis II 8/14,"National 
Instruments",NI Elvis II,,1,BUENO,DISPONIBLE,
54897,B,elvis,NI Elvis II 9/14,"National 
Instruments",NI Elvis II,,1,BUENO,DISPONIBLE,
54898,B,elvis,NI Elvis II 10/14,"National 
Instruments",NI Elvis II,,1,BUENO,DISPONIBLE,
54899,B,elvis,NI Elvis II 11/14,"National 
Instruments",NI Elvis II,,1,BUENO,DISPONIBLE,
54901,B,elvis,NI Elvis II 13/14,"National 
Instruments",NI Elvis II,,1,BUENO,DISPONIBLE,
54902,B,elvis,NI Elvis II 14/14,"National 
Instruments",NI Elvis II,,1,BUENO,DISPONIBLE,
57042,C,otros,Extech 407026 Heavy Duty Light Meter with PC Interface,Extech,407026,,1,BUENO,DISPONIBLE,"La caja tiene el fotómetro, calibrador y manual"
58640,C,multimetro,Multimetro Digital Agilent 34405A,Agilent,34405A,,1,BUENO,DISPONIBLE,
58659,B,generador de funciones,Generador de Funciones Agilent 33210A,Agilent,33210A,,1,BUENO,DISPONIBLE,
58698,D,osciloscopio,Osciloscopio Tektronik TDS1012C-EDU,Tektronik,TDS1012C-EDU,,1,BUENO,DISPONIBLE,
60006,B,elvis,NI Elvis II 1/5,"National 
Instruments",NI Elvis II,,1,BUENO,DISPONIBLE,
60013,B,elvis,NI Elvis II 2/5,"National 
Instruments",NI Elvis II,,1,BUENO,DISPONIBLE,
60015,B,elvis,NI Elvis II 4/5,"National 
Instruments",NI Elvis II,,1,BUENO,DISPONIBLE,
60016,B,elvis,NI Elvis II 5/5,"National 
Instruments",NI Elvis II,,1,BUENO,DISPONIBLE,
60308,C,kit de desarrollo,NI myDAQ 1/24 195509F-01L,National Instruments,195509E-01L,,1,BUENO,DISPONIBLE,"Trae manual, myDAQ, cable USB tipo A, base protobord con batería, cable de audio y multímetro, conector de tornillo (765788-01) y desatornillador."
60309,C,kit de desarrollo,NI myDAQ 195509F-01L,National Instruments,195509E-01L,,1,BUENO,DISPONIBLE,"Trae manual, myDAQ, cable USB tipo A, base protoboard, cable de audio y desatornillador. No tiene batería, conector de tornillo y puntas de multímetro. "
60315,C,kit de desarrollo,NI myDAQ  8/24 195509F-01L,National Instruments,195509E-01L,,1,BUENO,DISPONIBLE,"Trae manual, myDAQ, cable USB tipo A, base protoboard, cable de audio y multímetro, conector de tornillo (765788-01) y desatornillador. Falta la batería."
60317,C,kit de desarrollo,NI myDAQ 10/24 195509F-01L,National Instruments,195509E-01L,,1,BUENO,DISPONIBLE,"Trae manual, myDAQ, cable USB tipo A, base protoboard, cable de audio y multímetro y desatornillador. Falta la batería y conector de tornillo"
60319,C,kit de desarrollo,NI myDAQ 12/24 195509F-01L,National Instruments,195509E-01L,,1,BUENO,DISPONIBLE,"Trae manual, myDAQ, cable USB tipo A, base protoboard, cable de audio y multímetro, conector de tornillo (765788-01) y desatornillador. Falta la batería."
60320,C,kit de desarrollo,NI myDAQ 13/24 195509F-01L,National Instruments,195509E-01L,,1,BUENO,DISPONIBLE,"Trae manual, myDAQ, cable USB tipo A, base protoboard, cable de audio y multímetro, conector de tornillo (765788-01). Falta la batería y desatornillador."
60321,C,kit de desarrollo,NI myDAQ 195509F-01L,National Instruments,195509E-01L,,1,BUENO,DISPONIBLE,"Trae módulo base, base protoboard sin batería, 2 cables de punta de multímetro, 1 cable USB tipo A, 1 desatornillador, 1 conector de tornillo (765788-01) y 1 cable de audio. Falta el DVD con software."
60324,C,kit de desarrollo,NI myDAQ 195509F-01L,National Instruments,195509E-01L,,1,BUENO,DISPONIBLE,"Trae manual, myDAQ, cable USB tipo A, base protoboard, cable de audio y multímetroy desatornillador. Falta la batería y conector de tornillo."
60325,C,kit de desarrollo,NI myDAQ 17/24 195509F-01L,National Instruments,195509E-01L,,1,BUENO,DISPONIBLE,"Faltan puntas de multímetro, batería, trae manual, myDAQ, cable USB tipo A, base protoboard, cable de audio, conector de tornillo (765788-01) y desatornillador. "
60326,C,kit de desarrollo,NI myDAQ 18/24 195509F-01L,National Instruments,195509E-01L,,1,BUENO,DISPONIBLE,"Trae manual, myDAQ, cable USB tipo A, base protoboard, cable de audio y multímetro, conector de tornillo (765788-01) y desatornillador. Falta la batería"
60327,C,kit de desarrollo,NI myDAQ 19/24 195509F-01L,National Instruments,195509E-01L,,1,BUENO,DISPONIBLE,"No se presta a estudiantes. Trae manual, myDAQ, cable USB tipo A, base protoboard, cable de audio y multímetro, conector de tornillo (765788-01) y desatornillador. Falta la batería."
60329,C,kit de desarrollo,NI myDAQ 21/24 195509F-01L,National Instruments,195509E-01L,,1,BUENO,DISPONIBLE,"Trae manual, myDAQ, cable USB tipo A, base protoboard, cable de audio y multímetro, conector de tornillo (765788-01) y desatornillador. Falta la batería."
69213,D,osciloscopio,Agilent DSO1002A,Agilent ,DSO1002A,,1,BUENO,DISPONIBLE,
70327,D,osciloscopio,Agilent DSO1002A,Agilent ,DSO1002A,,1,BUENO,DISPONIBLE,
70329,D,osciloscopio,Agilent DSO1002A,Agilent ,DSO1002A,,1,BUENO,DISPONIBLE,
70331,D,osciloscopio,Agilent DSO1002A,Agilent ,DSO1002A,,1,BUENO,DISPONIBLE,
70334,D,osciloscopio,Agilent DSO1002A,Agilent ,DSO1002A,,1,BUENO,DISPONIBLE,
78247,B,multimetro,"Multimetro 
Analogico (VOM) Simpson 270 Series 5",Simpson,270-5,,1,BUENO,DISPONIBLE,"falta lagarto 
negro"
78248,B,multimetro,"Multimetro 
Analogico (VOM) Simpson 270 Series 5",Simpson,270-5,,1,BUENO,DISPONIBLE,
78250,B,multimetro,"Multimetro 
Analogico (VOM) Simpson 270 Series 5",Simpson,270-5,,1,BUENO,DISPONIBLE,
78251,B,multimetro,"Multimetro 
Analogico (VOM) Simpson 270 Series 5",Simpson,270-5,,1,BUENO,DISPONIBLE,
78253,B,multimetro,"Multimetro 
Analogico (VOM) Simpson 270 Series 5",Simpson,270-5,,1,BUENO,DISPONIBLE,"faltan puntas 
y lagartos"
78254,B,multimetro,"Multimetro 
Analogico (VOM) Simpson 270 Series 5",Simpson,270-5,,1,BUENO,DISPONIBLE,
78310,E,lcr,Keysight E4980AL Precision LCR Meter  ,Keysight,E4980AL,,1,BUENO,DISPONIBLE,Buen estado
78372,E,multimetro,Multimetro Digital Keysight 34461A,Keysight,34461A,,1,BUENO,DISPONIBLE,Buen estado
82356,D3,mobiliario,Estante Metálico,,,,1,BUENO,DISPONIBLE,Estante desarmado
82362,D3,mobiliario,Estante Metálico,,,,1,BUENO,DISPONIBLE,Estante desarmado
82920,D3,mobiliario,Estante Metálico,,,,1,BUENO,DISPONIBLE,Estante desarmado
84932,B,elvis,NI Elvis II 15,"National 
Instruments",NI Elvis II,,1,BUENO,DISPONIBLE,
84934,B,elvis,NI Elvis II 16,"National 
Instruments",NI Elvis II,,1,BUENO,DISPONIBLE,
98677,D,osciloscopio,Osciloscopio GW Instek GDS-1202B,GW Instek,GDS-1202B,,1,BUENO,DISPONIBLE,
98678,D,osciloscopio,Osciloscopio GW Instek GDS-1202B,GW Instek,GDS-1202B,,1,BUENO,DISPONIBLE,
98682,B,generador de funciones,Generador de Funciones GW Instek AFG-2225,GW Instek,AFG-2225,,1,BUENO,DISPONIBLE,
98717,C,fuente dc,Fuente DC GW Instek GPE-2323,GW Instek,GPE-2323,,1,BUENO,DISPONIBLE,
99678,C,multimetro,Multimetro Digital GW Instek GDM-8341,GW Instek,GDM-8341,,1,BUENO,DISPONIBLE,
99679,C,multimetro,Multimetro Digital GW Instek GDM-8341,GW Instek,GDM-8341,,1,BUENO,DISPONIBLE,
99680,C,multimetro,Multimetro Digital GW Instek GDM-8341,GW Instek,GDM-8341,,1,BUENO,DISPONIBLE,
99681,C,multimetro,Multimetro Digital GW Instek GDM-8341,GW Instek,GDM-8341,,1,BUENO,DISPONIBLE,
99682,C,multimetro,Multimetro Digital GW Instek GDM-8341,GW Instek,GDM-8341,,1,BUENO,DISPONIBLE,
99683,C,multimetro,Multimetro Digital GW Instek GDM-8341,GW Instek,GDM-8341,,1,BUENO,DISPONIBLE,
99695,C,multimetro,Multimetro Digital GW Instek GDM-8341,GW Instek,GDM-8341,,1,BUENO,DISPONIBLE,
99714,D,osciloscopio,Osciloscopio GW Instek GDS-1202B,GW Instek,GDS-1202B,,1,BUENO,DISPONIBLE,
99715,D,osciloscopio,Osciloscopio GW Instek GDS-1202B,GW Instek,GDS-1202B,,1,BUENO,DISPONIBLE,
99716,D,osciloscopio,Osciloscopio GW Instek GDS-1202B,GW Instek,GDS-1202B,,1,BUENO,DISPONIBLE,
99717,D,osciloscopio,Osciloscopio GW Instek GDS-1202B,GW Instek,GDS-1202B,,1,BUENO,DISPONIBLE,
99718,D,osciloscopio,Osciloscopio GW Instek GDS-1202B,GW Instek,GDS-1202B,,1,BUENO,DISPONIBLE,
99790,D,osciloscopio,Osciloscopio GW Instek GDS-1202B,GW Instek,GDS-1202B,,1,BUENO,DISPONIBLE,
99821,C,fuente dc,Fuente DC GW Instek GPE-2323,GW Instek,GPE-2323,,1,BUENO,DISPONIBLE,
99822,C,fuente dc,Fuente DC GW Instek GPE-2323,GW Instek,GPE-2323,,1,BUENO,DISPONIBLE,
99823,C,fuente dc,Fuente DC GW Instek GPE-2323,GW Instek,GPE-2323,,1,BUENO,DISPONIBLE,
99824,C,fuente dc,Fuente DC GW Instek GPE-2323,GW Instek,GPE-2323,,1,BUENO,DISPONIBLE,
99825,C,fuente dc,Fuente DC GW Instek GPE-2323,GW Instek,GPE-2323,,1,BUENO,DISPONIBLE,
99826,C,fuente dc,Fuente DC GW Instek GPE-2323,GW Instek,GPE-2323,,1,BUENO,DISPONIBLE,
99858,B,generador de funciones,Generador de Funciones Hantek HDG3000B,Hantek,HDG3000B,,1,BUENO,DISPONIBLE,Color gris y negro
99859,B,generador de funciones,Generador de Funciones Hantek HDG3000B,Hantek,HDG3000B,,1,BUENO,DISPONIBLE,
99860,B,generador de funciones,Generador de Funciones Hantek HDG3000B,Hantek,HDG3000B,,1,BUENO,DISPONIBLE,
99861,B,generador de funciones,Generador de Funciones Hantek HDG3000B,Hantek,HDG3000B,,1,BUENO,DISPONIBLE,
99862,B,generador de funciones,Generador de Funciones Hantek HDG3000B,Hantek,HDG3000B,,1,BUENO,DISPONIBLE,
99863,B,generador de funciones,Generador de Funciones Hantek HDG3000B,Hantek,HDG3000B,,1,BUENO,DISPONIBLE,
2E - 02,E,kit de desarrollo,Xilinx Spartan FPGA,Xilinx,Spartan,,1,BUENO,DISPONIBLE,"Placa, 1 adaptador y cable alimentacion y 1 2R32"
2E - 09,E,kit de desarrollo,Xilinx Spartan FPGA,Xilinx,Spartan,,1,BUENO,DISPONIBLE,"Placa, 1 adaptador y cable alimentacion y 1 2R32"
2E -19,E,kit de desarrollo,Xilinx Spartan FPGA,Xilinx,Spartan,,1,BUENO,DISPONIBLE,"Placa, 1 adaptador y cable alimentacion y 1 2R32"
2G-17,E,kit de desarrollo,Xilinx Spartan FPGA,Xilinx,Spartan,,1,BUENO,DISPONIBLE,"Placa, 1 adaptador y cable alimentacion y 1 2R32"
AC-90001,E,protoboard,Protoboard KI AC-9007,King Instrument Electronics,AC-9007,,1,BUENO,DISPONIBLE,Buen estado
AI-0932,MUEBLE EMPOTRADO PARTE SUPERIOR,otros,ViewSonic Projector,ViewSonic,,,1,BUENO,DISPONIBLE,"CON CABLE DE ALIMENTACIÓN, VGA Y CONTROL SIN BATERIAS, ADEMAS DE ESTUCHE"
AI-0977,C,multimetro,Multimetro Digital KI DM-6804B,King Instrument Electronics,DM-6804B,,1,BUENO,DISPONIBLE,Le faltan un botón
AI-0981,D,multimetro,Multimetro Digital Tektronik CDM258,Tektronik,CDM258,,1,BUENO,DISPONIBLE,
AI-1006,D,multimetro,Multimetro Digital Tektronik CDM250,Tektronik,CDM250,,1,BUENO,DISPONIBLE,
AI-1058,C,multimetro,Multimetro Digital KI DM-6804B,King Instrument Electronics,DM-6804B,,1,BUENO,DISPONIBLE,
AI-1059,C,multimetro,Multimetro Digital KI DM-6804B,King Instrument Electronics,DM-6804B,,1,BUENO,DISPONIBLE,Le faltan 2 botones
AI-1061,C,multimetro,Multimetro Digital KI DM-6804B,King Instrument Electronics,DM-6804B,,1,BUENO,DISPONIBLE,
AI-1066,D,multimetro,Multimetro Digital Tektronik CDM257,Tektronik,CDM257,,1,BUENO,DISPONIBLE,
AI-1067,D,multimetro,Multimetro Digital Tektronik CDM254,Tektronik,CDM254,,1,BUENO,DISPONIBLE,
AI-1146,C,multimetro,Multimetro Digital KI DM-6804B,King Instrument Electronics,DM-6804B,,1,BUENO,DISPONIBLE,Le falta el botón de encendido
AI-1179,C,multimetro,Multimetro Digital KI DM-6804B,King Instrument Electronics,DM-6804B,,1,BUENO,DISPONIBLE,
AI-1185,C,multimetro,Multimetro Digital KI DM-6804B,King Instrument Electronics,DM-6804B,,1,BUENO,DISPONIBLE,
AI-1241,C,multimetro,Multimetro Digital KI DM-6804B,King Instrument Electronics,DM-6804B,,1,BUENO,DISPONIBLE,
AI-1270,C,multimetro,Multimetro Digital KI DM-6804B,King Instrument Electronics,DM-6804B,,1,BUENO,DISPONIBLE,Le falta un botón
AI-1273,C,multimetro,Multimetro Digital KI DM-6804B,King Instrument Electronics,DM-6804B,,1,BUENO,DISPONIBLE,
AI-1274,C,multimetro,Multimetro Digital KI DM-6804B,King Instrument Electronics,DM-6804B,,1,BUENO,DISPONIBLE,
AI-1275,C,multimetro,Multimetro Digital KI DM-6804B,King Instrument Electronics,DM-6804B,,1,BUENO,DISPONIBLE,
AI-1276,C,multimetro,Multimetro Digital KI DM-6804B,King Instrument Electronics,DM-6804B,,1,BUENO,DISPONIBLE,
AI-1280,C,multimetro,Multimetro Digital KI DM-6804B,King Instrument Electronics,DM-6804B,,1,BUENO,DISPONIBLE,Le falta un botón frontal
AI-1281,C,multimetro,Multimetro Digital KI DM-6804B,King Instrument Electronics,DM-6804B,,1,BUENO,DISPONIBLE,Le faltan el boton de encendido
AI-1416,C,multimetro,Multimetro Digital KI DM-6804B,King Instrument Electronics,DM-6804B,,1,BUENO,DISPONIBLE,Le falta un botón frontal
AI-1417,D,multimetro,Multimetro Digital Tektronik CDM256,Tektronik,CDM256,,1,BUENO,DISPONIBLE,
AI-1420,C,multimetro,Multimetro Digital KI DM-6804B,King Instrument Electronics,DM-6804B,,1,BUENO,DISPONIBLE,
AI-1424,D,multimetro,Multimetro Digital Tektronik CDM255,Tektronik,CDM255,,1,BUENO,DISPONIBLE,
AI-1425,D,multimetro,Multimetro Digital Tektronik CDM250,Tektronik,CDM250,,1,BUENO,DISPONIBLE,
C050619,E,kit de desarrollo,Digilent D2-SB,Digilent,D2-SB,,1,BUENO,DISPONIBLE,"Placa, 1 cable jtag a paralelo, y alimentacion "
c050674,E,kit de desarrollo,Xilinx Spartan Digilent D2-SB,Xilinx,Spartan,,1,BUENO,DISPONIBLE,"Digital I/O 5, cargadr y cable macho paraleo"
D00 1401,E,kit de desarrollo,Xilinx Spartan FPGA,Xilinx,Spartan,,1,BUENO,DISPONIBLE,"Placa, 1 adaptador y cable alimentacion "
D001316,E,kit de desarrollo,Digilent D2-SB,Digilent,D2-SB,,1,BUENO,DISPONIBLE,Placa y alimentacion
D001318,E,kit de desarrollo,Digilent D2-SB,Digilent,D2-SB,,1,BUENO,DISPONIBLE,"Placa, 1 cable jtag a paralelo, y alimentacion "
D039301,E,kit de desarrollo,Xilinx Spartan 3 FPGA,Xilinx,Spartan 3,,1,BUENO,DISPONIBLE,"Placa, cable usb a jtag, cable jtag a paralelo y alimentacion"
d039303,E,kit de desarrollo,Xilinx Spartan 3 FPGA,Xilinx,Spartan 3,,1,BUENO,DISPONIBLE,"Placa, cable usb a jtag y alimentacion"
D039306,E,kit de desarrollo,Xilinx Spartan 3 FPGA,Xilinx,Spartan 3,,1,BUENO,DISPONIBLE,"Placa, cable usb a jtag, cable jtag a paralelo y alimentacion"
D0393063,E,kit de desarrollo,Xilinx Spartan 3 FPGA,Xilinx,Spartan 3,,1,BUENO,DISPONIBLE,"Placa, cable usb a jtag, cable jtag a paralelo y alimentacion"
D039312,E,kit de desarrollo,Xilinx Spartan 3 FPGA,Xilinx,Spartan 3,,1,BUENO,DISPONIBLE,Placa y cable paralelo a jtag
D039321,E,kit de desarrollo,Xilinx Spartan 3 FPGA,Xilinx,Spartan 3,,1,BUENO,DISPONIBLE,"Placa, cable jtag a paralelo y alimentacion"
D039338,E,kit de desarrollo,Xilinx Spartan 3 FPGA,Xilinx,Spartan 3,,1,BUENO,DISPONIBLE,"Placa, cable jtag a paralelo y alimentacion"
D039340,E,kit de desarrollo,Xilinx Spartan 3 FPGA,Xilinx,Spartan 3,,1,BUENO,DISPONIBLE,"Placa, cable jtag a paralelo y alimentacion"
D039345,E,kit de desarrollo,Xilinx Spartan 3 FPGA,Xilinx,Spartan 3,,1,BUENO,DISPONIBLE,"Placa, cable usb a jtag, cable jtag a paralelo y alimentacion"
D039351,E,kit de desarrollo,Xilinx Spartan 3 FPGA,Xilinx,Spartan 3,,1,BUENO,DISPONIBLE,Placa y alimentacion
D039354,E,kit de desarrollo,Xilinx Spartan 3 FPGA,Xilinx,Spartan 3,,1,BUENO,DISPONIBLE,"Placa, cable usb a jtag, cable jtag a paralelo y alimentacion"
D039360,E,kit de desarrollo,Xilinx Spartan 3 FPGA,Xilinx,Spartan 3,,1,BUENO,DISPONIBLE,"Placa, cable jtag a paralelo "
D039364,E,kit de desarrollo,Xilinx Spartan 3 FPGA,Xilinx,Spartan 3,,1,BUENO,DISPONIBLE,"Placa, cable usb a jtag y alimentacion"
D039368,E,kit de desarrollo,Xilinx Spartan 3 FPGA,Xilinx,Spartan 3,,1,BUENO,DISPONIBLE,Placa y cable paralelo a jtag
D039399,E,kit de desarrollo,Xilinx Spartan 3 FPGA,Xilinx,Spartan 3,,1,BUENO,DISPONIBLE,"2 placas, cable jtag a paralelo y alimentacion"
D059024,E,kit de desarrollo,Digilent Spartan 3-1000,Digilent,Spartan 3-1000,,1,BUENO,DISPONIBLE,placa y C-MOD C2(DIGILENT)
D059026,E,kit de desarrollo,Digilent Spartan 3-1000,Digilent,Spartan 3-1000,,1,BUENO,DISPONIBLE,"placa, 1 cable usb a jtag, y alimentacion"
D067867,E,kit de desarrollo,Digilent Spartan 3-1000,Digilent,Spartan 3-1000,,1,BUENO,DISPONIBLE,"placa,  1 cable usb a jtag, 1 cable jtag a paralelo y alimentacion"
D067868,E,kit de desarrollo,Digilent Spartan 3-1000,Digilent,Spartan 3-1000,,1,BUENO,DISPONIBLE,"placa, 1 cable jtag a paralelo y alimentacion"
D067947,E,kit de desarrollo,Digilent Spartan 3-1000,Digilent,Spartan 3-1000,,1,BUENO,DISPONIBLE,"placa, 1 cable usb a jtag y alimentacion"
D067954,E,kit de desarrollo,Digilent Spartan 3-1000,Digilent,Spartan 3-1000,,1,BUENO,DISPONIBLE,placa y 2 cables jtag a paralelo
D067956,E,kit de desarrollo,Digilent Spartan 3-1000,Digilent,Spartan 3-1000,,1,BUENO,DISPONIBLE,"placa, 1 cable usb a jtag y alimentacion"
D067957,E,kit de desarrollo,Digilent Spartan 3-1000,Digilent,Spartan 3-1000,,1,BUENO,DISPONIBLE,"placa, 1 cable usb a jtag y alimentacion"
D079962,E,kit de desarrollo,Digilent Spartan 3E-Starter,Digilent,Spartan 3E-Starter,,1,BUENO,DISPONIBLE,"placa, usb a A, y alimentacion "
D079964,E,kit de desarrollo,Digilent Spartan 3E-Starter,Digilent,Spartan 3E-Starter,,1,BUENO,DISPONIBLE,"placa, 1 cable jtag a paralelo, y alimentacion "
D079978,E,kit de desarrollo,Digilent Spartan 3E-Starter,Digilent,Spartan 3E-Starter,,1,BUENO,DISPONIBLE,placa y alimentacion
D079979,E,kit de desarrollo,Digilent Spartan 3E-Starter,Digilent,Spartan 3E-Starter,,1,BUENO,DISPONIBLE,"placa, usb a A, y alimentacion "
D080017,E,kit de desarrollo,Digilent Spartan 3E-Starter,Digilent,Spartan 3E-Starter,,1,BUENO,DISPONIBLE,"placa, usb a A, y alimentacion "
D080018,E,kit de desarrollo,Digilent Spartan 3E-Starter,Digilent,Spartan 3E-Starter,,1,BUENO,DISPONIBLE,"placa, usb a A, y alimentacion "
D080022,E,kit de desarrollo,Digilent Spartan 3E-Starter,Digilent,Spartan 3E-Starter,,1,BUENO,DISPONIBLE,"placa, usb a A, y alimentacion "
D080031,E,kit de desarrollo,Digilent Spartan 3E-Starter,Digilent,Spartan 3E-Starter,,1,BUENO,DISPONIBLE,"placa, usb a A, y alimentacion "
D080034,E,kit de desarrollo,Digilent Spartan 3E-Starter,Digilent,Spartan 3E-Starter,,1,BUENO,DISPONIBLE,"placa, usb a A, y alimentacion "
D381890,E,kit de desarrollo,Digilent Nexys 3 FPGA,Digilent,Nexys 3,,1,BUENO,DISPONIBLE,Plástico de caja dañado
D381891,E,kit de desarrollo,Digilent Nexys 3 FPGA,Digilent,Nexys 3,,1,BUENO,DISPONIBLE,Plástico de caja dañado
D381892,E,kit de desarrollo,Digilent Nexys 3 FPGA,Digilent,Nexys 3,,1,BUENO,DISPONIBLE,Plástico de caja dañado
D381896,E,kit de desarrollo,Digilent Nexys 3 FPGA,Digilent,Nexys 3,,1,BUENO,DISPONIBLE,Plástico de caja dañado
D390535,E,kit de desarrollo,Digilent Nexys 2 FPGA,Digilent,Nexys 2,,1,BUENO,DISPONIBLE,Buen estado
D390541,E,kit de desarrollo,Digilent Nexys 2 FPGA,Digilent,Nexys 2,,1,BUENO,DISPONIBLE,Plástico de caja dañado
D390542,E,kit de desarrollo,Digilent Nexys 2 FPGA,Digilent,Nexys 2,,1,BUENO,DISPONIBLE,Plástico de caja dañado
D390543,E,kit de desarrollo,Digilent Nexys 2 FPGA,Digilent,Nexys 2,,1,BUENO,DISPONIBLE,Plástico de caja dañado
D390548,E,kit de desarrollo,Digilent Nexys 2 FPGA,Digilent,Nexys 2,,1,BUENO,DISPONIBLE,Plástico de caja dañado
D390552,E,kit de desarrollo,Digilent Nexys 2 FPGA,Digilent,Nexys 2,,1,BUENO,DISPONIBLE,Sin plástico
D390553,E,kit de desarrollo,Digilent Nexys 2 FPGA,Digilent,Nexys 2,,1,BUENO,DISPONIBLE,Plástico de caja dañado
D390578,E,kit de desarrollo,Digilent Nexys 2 FPGA,Digilent,Nexys 2,,1,BUENO,DISPONIBLE,Plástico de caja dañado
D439956,E,kit de desarrollo,Digilent Nexys 3 FPGA,Digilent,Nexys 3,,1,BUENO,DISPONIBLE,Plástico de caja dañado
D439970,E,kit de desarrollo,Digilent Nexys 3 FPGA,Digilent,Nexys 3,,1,BUENO,DISPONIBLE,Plástico de caja dañado
D439975,E,kit de desarrollo,Digilent Nexys 3 FPGA,Digilent,Nexys 3,,1,BUENO,DISPONIBLE,Plástico de caja dañado
D439977,E,kit de desarrollo,Digilent Nexys 3 FPGA,Digilent,Nexys 3,,1,BUENO,DISPONIBLE,Plástico de caja dañado
D440182,E,kit de desarrollo,Digilent Nexys 3 FPGA,Digilent,Nexys 3,,1,BUENO,DISPONIBLE,Plástico de caja dañado
D440183,E,kit de desarrollo,Digilent Nexys 3 FPGA,Digilent,Nexys 3,,1,BUENO,DISPONIBLE,Caja desgastada
D481721,E,kit de desarrollo,Digilent Nexys 3 FPGA,Digilent,Nexys 3,,1,BUENO,DISPONIBLE,Caja Quebrada
D482755,E,kit de desarrollo,Digilent Nexys 3 FPGA,Digilent,Nexys 3,,1,BUENO,DISPONIBLE,Caja desgastada
D482780,E,kit de desarrollo,Digilent Nexys 3 FPGA,Digilent,Nexys 3,,1,BUENO,DISPONIBLE,Plástico de caja dañado
D592737,E,kit de desarrollo,Digilent Nexys 4 FPGA,Digilent,Nexys 4,,1,BUENO,DISPONIBLE,Caja Dañada
D663147,E,kit de desarrollo,Digilent Nexys 4 FPGA,Digilent,Nexys 4,,1,BUENO,DISPONIBLE,Caja dañada
D80 020,E,kit de desarrollo,Xilinx Spartan-3E Starter Kit,Xilinx,Spartan-3E,,1,BUENO,DISPONIBLE,"Cable de alimentacion, placa y cable usb A"
DAA7676,E,kit de desarrollo,Digilent Nexys A7 FPGA,Digilent,Nexys A7,,1,BUENO,DISPONIBLE,
sp 002963,E,protoboard,Protoboard KI AC-9001,King Instrument Electronics,AC-9001,,1,BUENO,DISPONIBLE,
sp 5347-3,E,protoboard,Protoboard KI AC-9002,King Instrument Electronics,AC-9002,,1,BUENO,DISPONIBLE,
sp 5347-4,E,protoboard,Protoboard KI AC-9003,King Instrument Electronics,AC-9003,,1,BUENO,DISPONIBLE,
sp 5347-5,E,protoboard,Protoboard KI AC-9004,King Instrument Electronics,AC-9004,,1,BUENO,DISPONIBLE,
sp 5747-7,E,protoboard,Protoboard KI AC-9005,King Instrument Electronics,AC-9005,,1,BUENO,DISPONIBLE,
SP-002223,B,lcr,LCR Zentech 100,Zentech,100,,1,BUENO,DISPONIBLE,
SP-002224,B,lcr,LCR Zentech 100,Zentech,100,,1,BUENO,DISPONIBLE,
SP-002309,B,generador de funciones,Generador de Funciones KI FG-2512B,King Instrument Electronics,FG-2512B,,1,BUENO,DISPONIBLE,"Le falta un 
botón"
SP-002318,B,generador de funciones,Generador de Funciones KI FG-2512B,King Instrument Electronics,FG-2512B,,1,BUENO,DISPONIBLE,
SP-002350,B,generador de funciones,Generador de Funciones KI FG-2512B,King Instrument Electronics,FG-2512B,,1,BUENO,DISPONIBLE,
SP-002355,B,generador de funciones,Generador de Funciones KI FG-2512B,King Instrument Electronics,FG-2512B,,1,BUENO,DISPONIBLE,
SP-002383,B,generador de funciones,Generador de Funciones KI FG-2512B,King Instrument Electronics,FG-2512B,,1,BUENO,DISPONIBLE,
SP-002431,B,lcr,LCR Zentech 100,Zentech,100,,1,BUENO,DISPONIBLE,
SP-002493,C,otros,LEAP Electronic ICT-6C Digital IC Tester,LEAP Electronic,ICT-6C,,1,BUENO,DISPONIBLE,
SP-002507,D,otros,KI-3020A Semiconductor Curve Tracer,King Instrument Electronics,KI-3020A,,1,BUENO,DISPONIBLE,
SP-002508,D,otros,KI-3020A Semiconductor Curve Tracer,King Instrument Electronics,KI-3020A,,1,BUENO,DISPONIBLE,
SP-002510,D,otros,KI-3020A Semiconductor Curve Tracer,King Instrument Electronics,KI-3020A,,1,BUENO,DISPONIBLE,
SP-002549,D,multimetro,Multimetro Digital Tektronik CDM250,Tektronik,CDM250,,1,BUENO,DISPONIBLE,
SP-002550,B,lcr,LCR Zentech 100,Zentech,100,,1,BUENO,DISPONIBLE,
SP-002572,B,generador de funciones,Generador de Funciones KI FG-2512B,King Instrument Electronics,FG-2512B,,1,BUENO,DISPONIBLE,
SP-002584,B,generador de funciones,Generador de Funciones KI FG-2512B,King Instrument Electronics,FG-2512B,,1,BUENO,DISPONIBLE,"Le falta un 
botón"
SP-002599,B,generador de funciones,Generador de Funciones KI FG-2512B,King Instrument Electronics,FG-2512B,,1,BUENO,DISPONIBLE,
SP-002610,B,generador de funciones,Generador de Funciones KI FG-2512B,King Instrument Electronics,FG-2512B,,1,BUENO,DISPONIBLE,"Le falta un 
botón"
SP-003235,B,lcr,LCR Zentech 100,Zentech,100,,1,BUENO,DISPONIBLE,
SP-003239,D,multimetro,Multimetro Digital Tektronik CDM250,Tektronik,CDM250,,1,BUENO,DISPONIBLE,
SP-005282,B,lcr,LCR Zentech 100,Zentech,100,,1,BUENO,DISPONIBLE,
SP-005306,B,generador de funciones,Generador de Funciones KI FG-2512B,King Instrument Electronics,FG-2512B,,1,BUENO,DISPONIBLE,
SP-005324,B,generador de funciones,Generador de Funciones KI FG-2512B,King Instrument Electronics,FG-2512B,,1,BUENO,DISPONIBLE,"Le falta un 
botón"
SP-5200,D,otros,Leap Electronic Handy Series Digital IC Tester,Leap Electronic,Handy Series,,1,BUENO,DISPONIBLE,
26690,C,fuente dc,Fuente DC Goldstar GP-303,Goldstar,GP-303,,1,DAÑADO,DISPONIBLE,"Mango roto, cara frontal fracturada, cable de alimentación no modular descarapelado"
35491,E,otros,SAMAR Decade Inductor,SAMAR,,,1,DAÑADO,DISPONIBLE,
35503,E,generador de funciones,Generador de Señales Agilent 33120A,Agilent,33120A,,1,DAÑADO,DISPONIBLE,Patilla de soporte quebrada
69212,E,osciloscopio,Osciloscopio Agilent DSO1002A,Agilent,DSO1002A,,1,DAÑADO,DISPONIBLE,No funciona
70330,E,osciloscopio,Osciloscopio Agilent DSO1002A,Agilent,DSO1002A,,1,DAÑADO,DISPONIBLE,Perilla de canal 1 defectuosa
78364,E,multimetro,Multimetro Digital Keysight 34461A,Keysight,34461A,,1,DAÑADO,DISPONIBLE,Dañado
78388,E,generador de funciones,Generador de Señales Keysight 33210A,Keysight,33210A,,1,DAÑADO,DISPONIBLE,No genera salidas
AI-1236,E,multimetro,Multimetro Digital KI DM-6804E,King Instrument Electronics,DM-6804E,,1,DAÑADO,DISPONIBLE,Impreciso en medición de resistencias
AI-1240,E,multimetro,Multimetro Digital KI DM-6804E,King Instrument Electronics,DM-6804E,,1,DAÑADO,DISPONIBLE,No prende
AI-1272,E,multimetro,Multimetro Digital KI DM-6804E,King Instrument Electronics,DM-6804E,,1,DAÑADO,DISPONIBLE,Impreciso en medición de resistencias
D390534,E,kit de desarrollo,Digilent Nexys 2 FPGA,Digilent,Nexys 2,,1,DAÑADO,DISPONIBLE,"Sin cable, caja dañada"
D390536,E,kit de desarrollo,Digilent Nexys 2 FPGA,Digilent,Nexys 2,,1,DAÑADO,DISPONIBLE,"Sin portada, sin cable"
D390539,E,kit de desarrollo,Digilent Nexys 2 FPGA,Digilent,Nexys 2,,1,DAÑADO,DISPONIBLE,Sin cable
D390544,E,kit de desarrollo,Digilent Nexys 2 FPGA,Digilent,Nexys 2,,1,DAÑADO,DISPONIBLE,Sin cable
D390550,E,kit de desarrollo,Digilent Nexys 2 FPGA,Digilent,Nexys 2,,1,DAÑADO,DISPONIBLE,Sin cable
D390556,E,kit de desarrollo,Digilent Nexys 2 FPGA,Digilent,Nexys 2,,1,DAÑADO,DISPONIBLE,"Plástico de caja dañado, sin cable"
D592476,E,kit de desarrollo,Digilent Nexys 4 FPGA,Digilent,Nexys 4,,1,DAÑADO,DISPONIBLE,"Switch malo, plástico de caja dañado"
D592819,E,kit de desarrollo,Digilent Nexys 4 FPGA,Digilent,Nexys 4,,1,DAÑADO,DISPONIBLE,"Cable Dañado, plástico dañado "
D663893,E,kit de desarrollo,Digilent Nexys 4 FPGA,Digilent,Nexys 4,,1,DAÑADO,DISPONIBLE,"Switch dañado, plástico de caja dañado"
D764520,E,otros,Diligent Zedboard,Digilent,,,1,DAÑADO,DISPONIBLE,Puerto dañado
DB164FB,E,kit de desarrollo,Digilent Basys 3 FPGA,Digilent,Basys 3,,1,DAÑADO,DISPONIBLE,Interruptor dañado
QJ23E,E,otros,Wheatstone Bridge,,,,1,DAÑADO,DISPONIBLE,
SP-002301,E,generador de funciones,Generador de Señales Ki FG-2512B,King Instrument Electronics,FG-2512B,,1,DAÑADO,DISPONIBLE,No se puede configurar una frecuencia
SP-002307,E,fuente dc,Fuente DC Ki DPS-1303DF,King Instrument Electronics,DPS-1303DF,,1,DAÑADO,DISPONIBLE,Daño en el display
SP-002379,E,generador de funciones,Generador de Señales Ki FG-2512B,King Instrument Electronics,FG-2512B,,1,DAÑADO,DISPONIBLE,El boton de encendido aveces falla
SP-002571,E,multimetro,Multimetro Digital KI DM-6804E,King Instrument Electronics,DM-6804E,,1,DAÑADO,DISPONIBLE,No mide voltaje
SP-003222,E,fuente dc,Fuente DC Ki DPS-1303DF,King Instrument Electronics,DPS-1303DF,,1,DAÑADO,DISPONIBLE,No sirve display derecho
SP-002353,C,fuente dc,Fuente Dual DC KI DPS-1303DF,King Instrument Electronics,DPS-1303DF,,1,DAÑADO,DISPONIBLE,
24688,C,fuente dc,Fuente DC GW Instek GPR-30200,GW Instek,GPR-30200,,1,REGULAR,DISPONIBLE,
24690,C,fuente dc,Fuente DC GW Instek GPR-30200,GW Instek,GPR-30200,,1,REGULAR,DISPONIBLE,
24698,C,fuente dc,Fuente DC GW Instek GPR-30200,GW Instek,GPR-30200,,1,REGULAR,DISPONIBLE,
24699,C,fuente dc,Fuente DC GW Instek GPR-30200,GW Instek,GPR-30200,,1,REGULAR,DISPONIBLE,
24701,C,fuente dc,Fuente DC GW Instek GPR-30200,GW Instek,GPR-30200,,1,REGULAR,DISPONIBLE,
26693,C,fuente dc,Fuente DC Goldstar GP-304,Goldstar,GP-303,,1,REGULAR,DISPONIBLE,
26696,C,fuente dc,Fuente DC Goldstar GP-305,Goldstar,GP-303,,1,REGULAR,DISPONIBLE,
26697,C,fuente dc,Fuente DC Goldstar GP-306,Goldstar,GP-303,,1,REGULAR,DISPONIBLE,
26699,C,fuente dc,Fuente DC Goldstar GP-307,Goldstar,GP-303,,1,REGULAR,DISPONIBLE,
26701,C,fuente dc,Fuente DC Goldstar GP-308,Goldstar,GP-303,,1,REGULAR,DISPONIBLE,
28210,C,otros,Tacometro RHEINTACHO A3-2000,RHEINTACHO,A3-2000,,1,REGULAR,DISPONIBLE,
48439,C,fuente dc,Fuente DC Regulada EZ GP-1303TP,EZ Digital,GP-1303TP,,1,REGULAR,DISPONIBLE,pintura oxidada
48440,C,fuente dc,Fuente DC Regulada EZ GP-1303TP,EZ Digital,GP-1303TP,,1,REGULAR,DISPONIBLE,
48441,C,fuente dc,Fuente DC Regulada EZ GP-1303TP,EZ Digital,GP-1303TP,,1,REGULAR,DISPONIBLE,
48442,C,fuente dc,Fuente DC Regulada EZ GP-1303TP,EZ Digital,GP-1303TP,,1,REGULAR,DISPONIBLE,
48443,C,fuente dc,Fuente DC Regulada EZ GP-1303TP,EZ Digital,GP-1303TP,,1,REGULAR,DISPONIBLE,pintura oxidada
48444,C,fuente dc,Fuente DC Regulada EZ GP-1303TP,EZ Digital,GP-1303TP,,1,REGULAR,DISPONIBLE,pintura oxidada
48446,C,fuente dc,Fuente DC Regulada EZ GP-1303TP,EZ Digital,GP-1303TP,,1,REGULAR,DISPONIBLE,
48447,C,fuente dc,Fuente DC Regulada EZ GP-1303TP,EZ Digital,GP-1303TP,,1,REGULAR,DISPONIBLE,La pantalla está pegada con tape
48449,C,fuente dc,Fuente DC Regulada EZ GP-1303TP,EZ Digital,GP-1303TP,,1,REGULAR,DISPONIBLE,
873477,C,fuente dc,Fuente Dual DC KI DPS-1303DF,King Instrument Electronics,DPS-1303DF,,1,REGULAR,DISPONIBLE,
873490,C,fuente dc,Fuente Dual DC KI DPS-1303DF,King Instrument Electronics,DPS-1303DF,,1,REGULAR,DISPONIBLE,
873491,C,fuente dc,Fuente Dual DC KI DPS-1303DF,King Instrument Electronics,DPS-1303DF,,1,REGULAR,DISPONIBLE,
873502,C,fuente dc,Fuente Dual DC KI DPS-1303DF,King Instrument Electronics,DPS-1303DF,,1,REGULAR,DISPONIBLE,
873504,C,fuente dc,Fuente Dual DC KI DPS-1303DF,King Instrument Electronics,DPS-1303DF,,1,REGULAR,DISPONIBLE,
2F-8,E,kit de desarrollo,Xilinx Spartan FPGA,Xilinx,Spartan,,1,REGULAR,DISPONIBLE,"Placa, 1 adaptador y cable alimentacion y 1 2R32"
AI-1053,C,fuente dc,Fuente Dual DC KI DPS-1303DF,King Instrument Electronics,DPS-1303DF,,1,REGULAR,DISPONIBLE,
AI-1263,C,fuente dc,Fuente Dual DC KI DPS-1303DF,King Instrument Electronics,DPS-1303DF,,1,REGULAR,DISPONIBLE,
SP-002303,C,fuente dc,Fuente Dual DC KI DPS-1303DF,King Instrument Electronics,DPS-1303DF,,1,REGULAR,DISPONIBLE,
SP-002320,C,fuente dc,Fuente Dual DC KI DPS-1303DF,King Instrument Electronics,DPS-1303DF,,1,REGULAR,DISPONIBLE,
SP-002330,C,fuente dc,Fuente Dual DC KI DPS-1303DF,King Instrument Electronics,DPS-1303DF,,1,REGULAR,DISPONIBLE,
SP-002339,C,fuente dc,Fuente Dual DC KI DPS-1303DF,King Instrument Electronics,DPS-1303DF,,1,REGULAR,DISPONIBLE,
SP-002344,C,fuente dc,Fuente Dual DC KI DPS-1303DF,King Instrument Electronics,DPS-1303DF,,1,REGULAR,DISPONIBLE,
SP-002360,C,fuente dc,Fuente Dual DC KI DPS-1303DF,King Instrument Electronics,DPS-1303DF,,1,REGULAR,DISPONIBLE,La fuente del lado derecho no regula voltaje
SP-002380,C,fuente dc,Fuente Dual DC KI DPS-1303DF,King Instrument Electronics,DPS-1303DF,,1,REGULAR,DISPONIBLE,
SP-002432,C,fuente dc,Fuente Dual DC KI DPS-1303DF,King Instrument Electronics,DPS-1303DF,,1,REGULAR,DISPONIBLE,
SP-002433,C,fuente dc,Fuente Dual DC KI DPS-1303DF,King Instrument Electronics,DPS-1303DF,,1,REGULAR,DISPONIBLE,
SP-002443,C,fuente dc,Fuente Dual DC KI DPS-1303DF,King Instrument Electronics,DPS-1303DF,,1,REGULAR,DISPONIBLE,
SP-002459,C,fuente dc,Fuente Dual DC KI DPS-1303DF,King Instrument Electronics,DPS-1303DF,,1,REGULAR,DISPONIBLE,
SP-002460,C,fuente dc,Fuente Dual DC KI DPS-1303DF,King Instrument Electronics,DPS-1303DF,,1,REGULAR,DISPONIBLE,
SP-002570,C,fuente dc,Fuente Dual DC KI DPS-1303DF,King Instrument Electronics,DPS-1303DF,,1,REGULAR,DISPONIBLE,
SP-003223,C,fuente dc,Fuente Dual DC KI DPS-1303DF,King Instrument Electronics,DPS-1303DF,,1,REGULAR,DISPONIBLE,
SP-003224,C,fuente dc,Fuente Dual DC KI DPS-1303DF,King Instrument Electronics,DPS-1303DF,,1,REGULAR,DISPONIBLE,
SP-003236,C,fuente dc,Fuente Dual DC KI DPS-1303DF,King Instrument Electronics,DPS-1303DF,,1,REGULAR,DISPONIBLE,
SP-003237,C,fuente dc,Fuente Dual DC KI DPS-1303DF,King Instrument Electronics,DPS-1303DF,,1,REGULAR,DISPONIBLE,
SP-005524,C,fuente dc,Fuente Dual DC KI DPS-1303DF,King Instrument Electronics,DPS-1303DF,,1,REGULAR,DISPONIBLE,
